time,S_ch4,S_IC,S_IN,S_h2o,X_ch,X_pr,X_li,X_bac,S_gas_ch4,S_gas_co2,p_ch4,p_co2,p_gas,q_gas
0,0.0909683156193015,0.508116659362585,0.943918291218337,956.960956853638,3.25917979812365,0.956418225548119,0.412913584569364,2.56933983971095,0.314759806070456,0.780464657044728,0.508723651190617,0.458694156103334,1.03311780729395,91.0505713957799
0.00101192720995508,0.0908929054529417,0.50767649844289,0.942978137301628,955.993264798443,3.2550709704039,0.955297989712397,0.412456988983073,2.56684586433033,0.314766426134196,0.780271479193611,0.508734350723823,0.458580621748388,1.03301497247221,85.8912169674871
0.00202385441991017,0.0908312186496826,0.507282938006424,0.942038895927977,955.026527461388,3.25096719905022,0.954179041831069,0.412000886331759,2.56435421105773,0.314795565954112,0.78001313534725,0.508781447320328,0.458428788079148,1.03291023539948,80.6374782081857
0.00303578162986525,0.090782024581836,0.506926612697716,0.941100585450627,954.060764027556,3.24686858443408,0.953061407567279,0.411545286474772,2.56186492673633,0.31484105496436,0.779737529558348,0.50885496793807,0.458266809232808,1.03282177717088,76.2011345914883
0.00708714829581805,0.0906972194139957,0.50580284590338,0.937357127111927,950.208002461924,3.23053222651007,0.948605410083881,0.409728353543809,2.55193232732612,0.315102781460062,0.77865077549334,0.509277977661482,0.45762810287469,1.03260608053617,65.3867305013306
0.0111385149617708,0.0906894542781485,0.504882896996273,0.933628270063589,946.370514863591,3.21427660022086,0.944169989175134,0.407919300723768,2.54203690159396,0.315406199131689,0.777602467676642,0.509768369835986,0.457011992119415,1.0324803619554,59.0856462208146
0.0151898816277236,0.0907265207566479,0.50408285549322,0.929914187287172,942.548481134092,3.19810257747422,0.939755373246187,0.406118217873914,2.5321790988995,0.315730475461078,0.77658557038545,0.510292474359816,0.456414341936775,1.03240681629659,55.4002079409094
0.0237454966221938,0.0908750851831128,0.502595723492784,0.922131009306469,934.540092949492,3.16427814932067,0.9305172537658,0.402347146249721,2.51151482702861,0.316442086616802,0.774505796251304,0.511442600323762,0.455192018500682,1.03233461882444,51.7828386386651
0.0323011116166639,0.0910520316563879,0.501203644763423,0.914412063630041,926.598873463678,3.13080703543292,0.921369319377098,0.398610664052997,2.49101427921541,0.317160692919677,0.772466723252569,0.51260403204127,0.453993615908143,1.03229764794941,49.9306521701352
0.0408567266111341,0.0912372287838373,0.499856569544174,0.906757528034457,918.724998874323,3.09768943511016,0.912311678013794,0.394908834703519,2.47067799090318,0.317874838919132,0.770461353802385,0.513758254890946,0.452815021542178,1.03227327643312,48.7097475272266
0.0786609063166902,0.0920351534789576,0.494225756648826,0.874007473625248,885.054006426774,2.9571913116371,0.873783667607121,0.379126742897177,2.38355985506112,0.32089417013973,0.762017863184872,0.518638182928366,0.447852618993379,1.03219080192175,44.5785683098856
0.116465086022246,0.0927984410592128,0.488859129046009,0.842416666180424,852.593727884818,2.8229480550279,0.836861119483511,0.36396383215558,2.29940935034812,0.323778834044093,0.753956056132831,0.52330045786177,0.44311453924944,1.03211499711121,40.7820586193519
0.154269265727802,0.0935281885073372,0.483728420325083,0.811962977856298,821.320325376814,2.69478291436766,0.801502911677982,0.349405870370554,2.21817581261933,0.32653774821403,0.746246110972146,0.527759492537683,0.438583255536383,1.03204274807407,37.1641502708267
0.277838191771428,0.0957581213291132,0.468082628276906,0.719135146689332,726.097832567145,2.31103770438323,0.695036740773715,0.305363034125222,1.96994951144255,0.334967548051259,0.722698619034229,0.541383972122733,0.424743939629738,1.03182791175247,26.4090992505682
0.401407117815054,0.0977946039699831,0.45387995474749,0.636582748811711,641.575020060286,1.9802546755834,0.602346651910377,0.266702944861635,1.74828349973536,0.342650512815808,0.701259367588631,0.553801395858582,0.412143677387803,1.03164507324639,17.2594353991185
0.524976043858679,0.099712841650936,0.440623839798888,0.563415634131095,566.806369645923,1.69643195690974,0.521978877373151,0.232898062676404,1.55101993415018,0.349854554274678,0.681184199784078,0.565444770278073,0.400345113453326,1.0314898837314,9.49593464671677
0.648544969902305,0.101566755823855,0.427949467438787,0.498642286590036,500.74358625481,1.45328082717246,0.452386131029317,0.203377107810978,1.3757129748999,0.356775879398391,0.661926689535282,0.576631210605287,0.389027102660024,1.03135831326531,2.91582812724316
0.861275046094825,0.104690091000011,0.406910408060601,0.40424294713126,404.719529434061,1.1146131581261,0.353989418790638,0.161154410944387,1.11896278722693,0.368336939987135,0.629826630071397,0.595316521883645,0.370161277598314,1.03117779948196,-6.10930191452972
1.07400512228735,0.107815291631227,0.386213703093757,0.327829695733317,327.246808531792,0.855669884556093,0.277296307254532,0.127774874053483,0.909974726575928,0.379786956494169,0.598109259751304,0.613822360594027,0.351520366339268,1.0310427269333,-12.860444306312
1.28673519847987,0.110975502099844,0.365567176563438,0.265872330707392,264.628869753443,0.657011550042912,0.217332170988312,0.101324515190098,0.739721724156929,0.391268921469633,0.566362258097284,0.632379835317637,0.332862040172851,1.03094187549049,-17.9000074418578
1.49946527467239,0.114165268217391,0.344942046403501,0.215593604853197,213.970285715708,0.504348166079923,0.170366778210115,0.0803397379111632,0.600996928568063,0.402783399786505,0.53456998448559,0.650989859018069,0.314177106802336,1.03086696582041,-21.6426176096038
1.71219535086491,0.11736506923547,0.324413412168548,0.174798732465498,172.992051230869,0.38707613682611,0.133579660623798,0.0636940468239239,0.488035606461103,0.414276680817601,0.502869684271405,0.669565623069055,0.295546227974297,1.03081185104335,-24.3958949669272
1.92492542705743,0.120551189753688,0.304093412035999,0.141714145881742,139.858903025375,0.297077327051983,0.104776040371582,0.0504977837586952,0.396136451063221,0.425676923515228,0.471450884662621,0.687991015948786,0.277080792490131,1.03077180843892,-26.3960521002956
2.13765550324995,0.123698549533321,0.284110613283984,0.114889534304345,113.074870915648,0.228037951677203,0.0822226160604974,0.040038853188311,0.321425462116966,0.436905071861499,0.44052474246875,0.706138265097701,0.258904901285955,1.03074316638366,-27.8266481557106
2.35038557944247,0.126782224826429,0.264598859801789,0.0931407614219794,91.4225251133459,0.175066798835729,0.0645543813409269,0.0317486069042198,0.26071625180116,0.447880699095774,0.410307600524503,0.723877382523252,0.241145703225079,1.03072308574833,-28.8295761511134
2.56311565563499,0.129779139353517,0.245685470633681,0.0755063585286397,73.9167298017237,0.134409951806748,0.0507046099261143,0.0251760456444325,0.211402872801759,0.458528329752849,0.381003324327966,0.741086382655829,0.223923013999038,1.03070939665487,-29.513255964521
2.77605547819751,0.132671998462561,0.227465313298458,0.0611890132051639,59.743686165193,0.103144846487805,0.0398256369204023,0.0199570361648914,0.171309269248078,0.468791710034088,0.352763764013788,0.757674346523938,0.207326078865435,1.03070042538937,-29.9613015720831
2.98899530076002,0.135441527144446,0.21004910377782,0.0495778891174759,48.2813686986808,0.0791283063220947,0.0312863208936145,0.0158172446268931,0.138759706814038,0.478606399124027,0.325764025110523,0.773537123069228,0.191457810726121,1.03069493379535,-30.2355605422255
3.20193512332254,0.138076141442757,0.193501694290226,0.0401665980096586,39.0162256407547,0.0607004201348375,0.0245866054689842,0.0125357651455688,0.112357065225665,0.487934545523722,0.300106659632749,0.788613535634533,0.176378481381182,1.03069201701572,-30.3812279833244
3.41487494588506,0.140568032467721,0.177865972220701,0.0325417443515392,31.5302465182888,0.0465731681727425,0.0193316290887059,0.00993605593500025,0.0909563700083235,0.496750788389804,0.275860157682226,0.802862595311525,0.162128343786527,1.03069093909805,-30.4350602636292
3.62781476844757,0.142913232519881,0.16316215441079,0.0263643418022339,25.4816219793588,0.0357410014262298,0.0152077700429023,0.00787629326537127,0.0736156191669788,0.505043154823853,0.253056581847668,0.81626495116504,0.148726241744933,1.03069119290997,-30.4223846539407
3.84075459101009,0.145109333036294,0.14940165359989,0.021358721208313,20.5932295821883,0.0274297408653905,0.011968768377454,0.00624371166671523,0.0595661956641463,0.512804243216857,0.231715453811025,0.828808640506425,0.136183648526006,1.03069228903243,-30.3676431801658
4.09602028560141,0.147546602843673,0.134138304671651,0.0165917762873305,15.9509685371755,0.019967037334512,0.00898490290620578,0.00472559920544864,0.0461929120658824,0.521414013988861,0.208042182322887,0.842723994177941,0.122270409547864,1.03069440372581,-30.2620329065077
4.35128598019273,0.149775774199077,0.120184708741225,0.0128872453361537,12.3543109513863,0.0145329793737718,0.00674829617738061,0.00357639540491816,0.0358086494085839,0.529285471020468,0.186400067659718,0.855446064417152,0.109550920674014,1.03069698509117,-30.1331158974037
4.60655167478404,0.151805169663695,0.107486325892409,0.0100096610689027,9.56894775662462,0.0105807977028449,0.00507215628868936,0.00270698315084768,0.0277514744152314,0.536449207451463,0.166704587863591,0.867024296717014,0.0979755067169709,1.03069980343399,-29.9923631636462
4.86181736937536,0.153645194327481,0.0959762562190952,0.00777472132917528,7.41205395567931,0.00770665606313767,0.00381539954026455,0.00204928462954859,0.0215026279922843,0.542942764198426,0.14885220382349,0.87751936576274,0.0874833157410027,1.03070268150374,-29.8486267722505
5.11708306396668,0.155307612252314,0.0855796051559896,0.00603860730557521,5.74142224109368,0.00561440442867114,0.00287198031024485,0.00155151599129368,0.0166568603429184,0.548808288697527,0.132726822108959,0.886999391426063,0.0780061173943167,1.03070550882038,-29.7074243081543
5.372348758558,0.156804991917004,0.0762168324204082,0.00468981908217688,4.4471868745631,0.0040901291789316,0.00216303958923205,0.00117465025994003,0.0128996709403517,0.554090584356074,0.118205110630903,0.895536786233971,0.0694714270256007,1.03070821325957,-29.5723578908742
5.62761445314931,0.158150198505996,0.0678068234521491,0.00364205200708957,3.44460515873116,0.0029798154858799,0.00163004178076131,0.000889336266571826,0.00998749320456483,0.55883537471065,0.105161260441457,0.903205449852266,0.0618053042857936,1.03071075413806,-29.4454594557204
5.88485191627034,0.159364802172062,0.0602142516895961,0.00282302896416326,2.6630870270597,0.00216695715082777,0.00122678569126659,0.000672048355305592,0.00771666662862318,0.563118987842979,0.0933853635930558,0.910128745873356,0.054884382219072,1.03071312809243,-29.3268971028313
6.14208937939136,0.160450464692321,0.0534283766370725,0.0021884636034107,2.05925002072924,0.00157728851556297,0.000924235875795331,0.000508039229645377,0.0059619815293934,0.56694747226747,0.0828607380940751,0.916316450076343,0.048698856496692,1.03071530657303,-29.2180968111025
6.39932684251238,0.161419164667704,0.0473740544805376,0.00169656766548647,1.59242538305131,0.00114855333052748,0.000696819134494136,0.000384118505636909,0.00460572256368696,0.570363209817397,0.0734708315238404,0.921837061172154,0.0431802270094427,1.0307172881816,-29.1191285395197
6.6565643056334,0.162282236026888,0.041980258148475,0.0013150781397797,1.23131907224625,0.000836149388959021,0.000525573552511186,0.00029039448659618,0.00355708998979908,0.573406288555716,0.065105418723892,0.926755370615613,0.0382637123023476,1.03071908291796,-29.029492972514
6.91380176875442,0.163050153199615,0.0371813835148442,0.00101925881859431,0.952023830376225,0.000608634063237676,0.000396588616563281,0.00021952169575949,0.00274655581348746,0.576113687673182,0.057662813220529,0.931131145214862,0.0338895492704148,1.03072069448528,-28.9490052581624
7.17103923187545,0.163732882228058,0.032915068617594,0.000789988728486184,0.736115341746321,0.000443275262758508,0.000299484093112037,0.000165973608267409,0.00212047857517198,0.578520680833497,0.0510460637710316,0.935021395257246,0.0300007577953763,1.03072215305262,-28.8761587188845
7.42827669499647,0.164338855151767,0.0291285059878788,0.000612324346743295,0.569228423725948,0.000323106091908918,0.000226347752534193,0.000125520277998364,0.0016370322540468,0.580656849441338,0.0451737712007634,0.938473931040981,0.0265494980098141,1.0307234290508,-28.8124302266728
7.69824822963694,0.164901335686315,0.0256138518652293,0.000468666840443404,0.434625389038806,0.000231946298870741,0.000168834610102565,9.36352964098852e-05,0.00124758737923829,0.582639775784333,0.0397228052226928,0.941678792366333,0.0233458600017502,1.03072465236808,-28.7513326819666
7.96821976427741,0.165397340190359,0.0225146489744368,0.000358675693304812,0.331826049031186,0.000166459814791804,0.000125988091094745,6.98433585439291e-05,0.000950592186410977,0.58438826006502,0.0349163035819682,0.944504741836899,0.0205209861346237,1.03072572797152,-28.697612460294
8.23819129891788,0.16583448974595,0.0197832394088289,0.000274472050292866,0.25332413241965,0.000119453206283978,9.40597140721337e-05,5.20936449684624e-05,0.000724155624741563,0.58592921128213,0.030680298311984,0.946995270533246,0.018031404005534,1.03072667453878,-28.6503367629349
8.50816283355835,0.166219307499363,0.0173788559765519,0.000210036561892876,0.19340139440639,8.57867276635536e-05,7.02768195584124e-05,3.88616351558194e-05,0.000551607799223157,0.587285670564276,0.0269514598603045,0.949187618175467,0.0158398936131028,1.03072751178857,-28.6085207842286
8.77813436819882,0.166557762403927,0.0152641841060622,0.000160735186651907,0.147665590872523,6.16721959456535e-05,5.25520650415307e-05,2.89983542677969e-05,0.000420158981977077,0.588478685374367,0.0236719263727443,0.951115802265078,0.0139124484278395,1.03072825069292,-28.5716165579705
9.04810590283928,0.166855380783013,0.0134046799718124,0.000123003495621756,0.11274639555305,4.43491672909676e-05,3.93207087677814e-05,2.16402310101407e-05,0.000320003847542768,0.589527738120336,0.0207881376939385,0.952811310817721,0.0122175901117513,1.03072890092947,-28.5391407585857
9.31807743747975,0.167117083525817,0.0117695907169266,9.41201699773881e-05,0.086078390814724,3.18807143144459e-05,2.94309843981999e-05,1.61475555387374e-05,0.000243681747316155,0.590450182412789,0.0182523899904958,0.95430219122693,0.0107272822004028,1.03072947342733,-28.5105475526797
9.63469229896943,0.1673839703153,0.0101021266201946,6.87624446285608e-05,0.0627241901372761,2.16493264954833e-05,2.09666693132804e-05,1.14552193420295e-05,0.000177008821252666,0.591390888799607,0.015666442140734,0.955822587346673,0.0092074706932871,1.03073005803996,-28.4813492461785
9.9513071604591,0.167613270821007,0.00866950617514734,5.02425000176975e-05,0.0457140901280628,1.47291987110985e-05,1.49545988454635e-05,8.13027175571823e-06,0.000128583751820495,0.592199104711817,0.0134447037419051,0.957128848635058,0.00790171211634901,1.03073056075141,-28.4562414436256
10.2679220219488,0.167810174220346,0.00743930333187262,3.67149712016855e-05,0.0333227280399889,1.00445909069669e-05,1.06796975401823e-05,5.77348355837798e-06,9.34118895025058e-05,0.592893124431826,0.011536884475298,0.958250542825841,0.00678044987776456,1.03073099270361,-28.4346676751555
10.5845368834384,0.167979232609914,0.00638307411983734,2.68278044977628e-05,0.0242892920801768,6.85223965782645e-06,7.63141889207476e-06,4.10004177423663e-06,6.78513163113621e-05,0.593488995212292,0.0098988710561008,0.959213605940096,0.0058177577478613,1.03073136368796,-28.4161389195225
10.9011517449281,0.168124383940693,0.00547621297053553,1.95994986780171e-05,0.0177016402370445,4.66806364912364e-06,5.45395940446983e-06,2.91068394864783e-06,4.92718363660822e-05,0.594000599283007,0.00849250204844514,0.960040474828051,0.00499120751356987,1.03073168234162,-28.4002238013054
11.2177666064178,0.16824898986475,0.00469771566327256,1.43177223859353e-05,0.0129000933279195,3.18025729054397e-06,3.89979585794167e-06,2.06629698000838e-06,3.5774997745304e-05,0.594439786265054,0.00728520335785091,0.96075030118057,0.00428165475029203,1.03073195593086,-28.3865594122847
11.5343814679075,0.168355927081712,0.00402960841262871,1.04604509507256e-05,0.00940244585659247,2.17292112819752e-06,2.79175615734192e-06,1.46765522104254e-06,2.59770305902757e-05,0.594816696484325,0.00624909982880208,0.961359474077555,0.00367271669063367,1.03073219076819,-28.3748304781968
11.8617402338119,0.168450554107406,0.00343841225479232,7.56244461374817e-06,0.00678128389377102,1.47046964249511e-06,1.978440612408e-06,1.03107748736097e-06,1.86608458924389e-05,0.595150217070228,0.00533227179725676,0.961898519428757,0.00313387914504388,1.0307323985738,-28.3644516367608
12.1890989997164,0.1685313191253,0.00293382185068651,5.46692458863498e-06,0.00489060123355298,9.94768504055938e-07,1.40260433593637e-06,7.24339388665834e-07,1.34036213221761e-05,0.59543487909614,0.00454975302369164,0.962358598201156,0.00267397774497971,1.03073257594614,-28.355592780619
12.5164577656209,0.168600252452927,0.00250315210231823,3.9512048953575e-06,0.00352630463846681,6.71101228109253e-07,9.94218782438397e-07,5.08594549057247e-07,9.62475770889062e-06,0.595677838900604,0.00388187113978253,0.962751276670376,0.00228145065954267,1.03073272732992,-28.3480319195536
12.8438165315253,0.168659082902659,0.00213560177768605,2.85549836424092e-06,0.00254245673006693,4.52948921420095e-07,7.05071623557639e-07,3.57105128348941e-07,6.91035383556026e-06,0.595885190093735,0.00331187519242735,0.963086403500466,0.00194645302999668,1.03073285653046,-28.3415789983168
13.1711752974298,0.168709284240535,0.0018219631479212,2.06394273874365e-06,0.00183347139246967,3.07323563203706e-07,5.00689856592683e-07,2.5093405549869e-07,4.96211561650999e-06,0.596062127185809,0.0028254857664193,0.963372374205031,0.00166059256817238,1.0307329667732,-28.3360729232337
13.4985340633343,0.16875211795302,0.00155435479614076,1.49198824802837e-06,0.00132241311596865,2.09360653370538e-07,3.55939151411964e-07,1.7644423248031e-07,3.56355022505738e-06,0.596213096520056,0.00241048014311459,0.963616375089055,0.00141668574620212,1.03073306083526,-28.3313749918968
13.8258928292387,0.168788664470635,0.00132602651239998,1.07839309370772e-06,0.000953691175429856,1.42285343899905e-07,2.53023395281816e-07,1.24029719798547e-07,2.55874316072048e-06,0.596341906198013,0.00205639007208631,0.96382456091334,0.00120858017108242,1.03073314108442,-28.3273669448989
14.1532515951432,0.168819846591627,0.00113121296010615,7.7926803625294e-07,0.000687612559791827,9.62788914644587e-08,1.79791348695476e-07,8.71266606223304e-08,1.8367142239809e-06,0.596451808751018,0.00175427455142393,0.964002188510517,0.00103102104326659,1.03073320955378,-28.3239472400356
14.4848896789937,0.168846771289142,0.000962998168075913,5.60717818141199e-07,0.000493658613720517,6.49646882911168e-08,1.27264815089062e-07,6.09336404463588e-08,1.31265662176182e-06,0.596546705773365,0.00149340832773326,0.964155563747012,0.000877704924142439,1.03073326867115,-28.3209946203712
14.8165277628443,0.1688696940009,0.000819786235265052,4.03549188440419e-07,0.000354512208568233,4.42257321506303e-08,9.02269459698444e-08,4.26639585993307e-08,9.38343567437895e-07,0.596627497605707,0.00127131642290037,0.964286141778713,0.000747177221260355,1.03073331899997,-28.3184809450064
15.1481658466948,0.168889208739785,0.000697865982615095,2.90467022457869e-07,0.000254625671761568,3.02331754647712e-08,6.40256903938683e-08,2.98918042754261e-08,6.70852918450677e-07,0.59669627788591,0.0010822435506743,0.964397306402023,0.000636055441708968,1.03073336184373,-28.3163411111565
15.4798039305453,0.168905822057169,0.000594072666587661,2.09030711796454e-07,0.000182844767634466,2.05392197345153e-08,4.54073405397231e-08,2.09289522654459e-08,4.79499342981845e-07,0.596754831996106,0.000921281806547833,0.964491943201757,0.000541455115197606,1.03073339831695,-28.3145194539792
15.8114420143958,0.16891996532339,0.000505711248720678,1.50387445046697e-07,0.000131263711164097,1.38658062130961e-08,3.21828348106683e-08,1.46408086982638e-08,3.42615648137533e-07,0.596804680319133,0.000784251747628388,0.964572509463416,0.000460919902399056,1.03073342936582,-28.3129687167214
16.1430800982464,0.168932005572216,0.000430488645129031,1.0820084824288e-07,9.4241010005646e-05,9.41970375506622e-09,2.28307398583063e-08,1.02474371367648e-08,2.44814056839905e-07,0.59684711648863,0.000667597255028106,0.964641095994075,0.000392359803545172,1.03073345579762,-28.3116485785703
16.4747181820969,0.168942255218791,0.000366453006725679,7.78687667450729e-08,6.76828766546112e-05,6.48514303260029e-09,1.62250785289746e-08,7.1833130123182e-09,1.74984240219022e-07,0.5968832416219,0.000568291421938828,0.964699482450485,0.000333995847030464,1.03073347829752,-28.3105248198125
16.9388080518025,0.168954090418282,0.000292511484175969,4.92390819048733e-08,4.26842726254315e-05,3.96922825285988e-09,1.01157417979721e-08,4.39547990083426e-09,1.09636185392185e-07,0.596924955065977,0.00045362365575224,0.964766900891993,0.00026660338566985,1.03073350427766,-28.3092272395508
17.4028979215081,0.16896353712929,0.00023349227252702,3.12065345054239e-08,2.6983420809695e-05,2.40915479945216e-09,6.32113611898853e-09,2.69923903648413e-09,6.88769945044069e-08,0.596958250215177,0.000362097277518022,0.964820713448557,0.000212811565058385,1.03073352501362,-28.3081915809356
17.8669877912138,0.168971077816825,0.000186381123768717,1.97756938867209e-08,1.70536207000832e-05,1.38711238690707e-09,3.93267887226706e-09,1.65045986325218e-09,4.32596421276179e-08,0.596984827536647,0.000289037806303221,0.964863668463003,0.000169873102449298,1.03073354156545,-28.307364898224
18.3310776609194,0.168977097361313,0.000148773460166535,1.25043922374084e-08,1.07526550757651e-05,7.87024747001017e-10,2.43816567189134e-09,1.0036304993752e-09,2.70950985657762e-08,0.597006043552749,0.000230716243492306,0.964897958384928,0.000135596393318768,1.03073355477825,-28.3067049842181
18.795167530625,0.168981902504514,0.000118752882992747,7.90263139264184e-09,6.77764651967317e-06,4.86794229312504e-10,1.52080350518237e-09,6.13315632303533e-10,1.69613575996301e-08,0.597022979383351,0.000184160655296679,0.964925330550667,0.000108234774766881,1.03073356532543,-28.3061782041868
19.2592574003306,0.168985738014392,9.47901803916726e-05,5.0095889013462e-09,4.2868853476564e-06,3.22257513953606e-10,9.57676224702612e-10,3.79390278190192e-10,1.06596708111857e-08,0.597036497718483,0.000146999557868515,0.964947179264111,8.63944799235123e-05,1.03073357374403,-28.3057577365452
19.7233472700362,0.16898879950053,7.56632629507288e-05,3.18348104621927e-09,2.7181851130837e-06,1.95533559755816e-10,6.01353071398422e-10,2.34695490783633e-10,6.71984412916179e-09,0.597047287990017,0.000117337744519635,0.964964618804441,6.89616592060724e-05,1.03073358046365,-28.3054221249756
20.4992070430584,0.168992608565305,5.18657792941935e-05,1.42894523633773e-09,1.21328550298055e-06,4.77676803937945e-11,2.56073049034566e-10,9.67097416163625e-11,2.96264718961597e-09,0.597060713117479,8.04328692162322e-05,0.964986316873026,4.72719510551713e-05,1.03073358882408,-28.3050045624229
21.2750668160806,0.168995225785319,3.5514459774493e-05,5.74203644979416e-10,4.81824888828558e-07,-1.17357213519419e-11,9.1261502252732e-11,3.11119454395997e-11,1.14543218027922e-09,0.597069937577516,5.50753841794334e-05,0.965001225704776,3.23688672385383e-05,1.03073359457201,-28.3047174814587
22.0509265891028,0.168997018561174,2.43139280824454e-05,2.19087029042195e-10,1.81052642995406e-07,-4.11116404467465e-12,3.19529097381488e-11,8.68965110136969e-12,4.1141788337304e-10,0.597076256253072,3.77057219490976e-05,0.965011438125922,2.21603811954769e-05,1.03073359850712,-28.304520942412
22.826786362125,0.168998244004082,1.66578599495247e-05,1.0496716840357e-10,8.70952362324192e-08,1.14393918229585e-11,1.82868456488088e-11,5.32590255792416e-12,1.96930763612409e-10,0.597080575347613,2.58327869055908e-05,0.965018418767994,1.518242790689e-05,1.0307336011959,-28.304386650945
23.6026461351472,0.168999082581103,1.14187712054407e-05,6.15028056706583e-11,5.17860080088126e-08,8.10631855846966e-12,1.18948677304014e-11,4.23624188086894e-12,1.21798628197827e-10,0.597083530922228,1.77080855639669e-05,0.965023195650811,1.040738397396e-05,1.03073360303479,-28.3042948077079
24.3785059081694,0.168999657804723,7.82500816201778e-06,2.72807154587503e-11,2.27575207801702e-08,-1.60178563448302e-12,4.12458825063608e-12,1.47797686461581e-12,5.32811674559589e-11,0.59708555830732,1.2134923848007e-05,0.965026472367619,7.13192917013894e-06,1.03073360429679,-28.3042317768373
25.7699123862102,0.169000288797542,3.88282136244128e-06,-4.02786045104461e-11,-3.60464972160799e-08,-2.00026599665295e-11,-1.26908483883861e-11,-5.71825355412863e-12,-9.5832807656052e-11,0.597087782250014,6.02143614769401e-06,0.965030066766349,3.53891434719808e-06,1.0307336056807,-28.3041626574705
27.161318864251,0.169000614983665,1.84495245030888e-06,-4.68279229026782e-11,-4.10581337286393e-08,-9.3178202864062e-12,-1.12946557918851e-11,-5.11451303145791e-12,-1.06974002010754e-10,0.597088931934372,2.8610365159201e-06,0.965031924918543,1.68148643042985e-06,1.03073360640497,-28.3041264833829
28.5527253422918,0.169000771476121,8.67250935609362e-07,-6.42678003090572e-12,-5.16395575000577e-09,5.83265638623115e-12,2.86455564414085e-13,1.72943044427926e-13,-1.21132816609771e-11,0.597089483492027,1.34483620172177e-06,0.965032816361537,7.90386215542143e-07,1.03073360674775,-28.3041093632848
29.9441318203326,0.169000841001272,4.32882857172674e-07,1.50538117627635e-11,1.34181258888075e-08,5.17969226384164e-12,4.28630468322326e-12,2.01542288716046e-12,3.58432623381265e-11,0.59708972852223,6.71257613408981e-07,0.965033212386244,3.94511066877081e-07,1.03073360689731,-28.3041018935803
31.3355382983734,0.169000873824808,2.27810544930296e-07,5.19916162872577e-12,4.42237731770505e-09,-1.66203316106386e-12,6.05223671103318e-13,2.8870915488654e-13,1.1287762134678e-11,0.597089844192781,3.53279371185244e-07,0.96503339933624,2.07629111160693e-07,1.03073360696535,-28.3040984952718
32.7269447764142,0.16900089233065,1.12193237284087e-07,-5.85553681958453e-12,-5.25292894564525e-09,-2.5599282342968e-12,-1.8091008476824e-12,-8.52205214690031e-13,-1.41115380682598e-11,0.597089909415797,1.73984682247887e-07,0.965033504751513,1.02254158824809e-07,1.03073360700567,-28.3040964814766
36.0663121045242,0.169000934906146,-1.53801563623994e-07,-4.40095254417493e-11,-3.8278646968967e-08,-2.30730448264139e-12,-9.10142168772325e-12,-4.19045301917721e-12,-9.92592745787075e-11,0.597090059472266,-2.38512327021503e-07,0.965033747277,-1.40178302215037e-07,1.0307336070987,-28.3040918352952
39.4056794326342,0.169000948822221,-2.40722958886732e-07,-1.04915786169829e-11,-8.77456747806771e-09,3.16490817380534e-12,-1.08180009890176e-12,-4.03801075248889e-13,-2.13850415271618e-11,0.597090108600212,-3.73529347081944e-07,0.965033826678968,-2.195304131879e-07,1.03073360714855,-28.3040893451719
42.7450467607442,0.169000926889299,-1.03700159354867e-07,1.79698825668051e-11,1.57034169490605e-08,1.56523464075749e-12,3.9132811452768e-12,1.825143869782e-12,4.10474453967406e-11,0.597090031276351,-1.60979084084382e-07,0.965033701705967,-9.46105175396068e-08,1.03073360709545,-28.304091997498
46.0844140888542,0.1690009066134,2.29640319982158e-08,5.16423014114117e-12,4.31801596870706e-09,-1.24629681127766e-12,5.86335474030189e-13,2.0732263024542e-13,1.04450236944859e-11,0.597089959769488,3.55710540093589e-08,0.965033586134564,2.09057956093891e-08,1.03073360704036,-28.304094748958
49.4237814169642,0.169000905813714,2.7952399686434e-08,-7.30687226577784e-12,-6.38401980293467e-09,-5.46121660880294e-13,-1.57157189496865e-12,-7.34606036788411e-13,-1.67028505667433e-11,0.597089956920805,4.33895957940697e-08,0.965033581530443,2.55009036562753e-08,1.03073360703135,-28.3040951991358
52.7631487450741,0.169000911971103,-1.05130188027585e-08,-1.72779065538773e-12,-1.41419679157455e-09,5.41952671830036e-13,-1.37039574657017e-13,-2.45304541263355e-14,-3.25061417602124e-12,0.597089978636085,-1.62989351965811e-08,0.965033616627289,-9.57919908082428e-09,1.03073360704809,-28.3040943628695
59.5361828850268,0.169000927284404,-1.06184003017031e-07,9.8181945409841e-12,8.72611035021356e-09,2.02332953383945e-12,2.51921306508369e-12,1.22584227058907e-12,2.34709162035563e-11,0.597090032608948,-1.64666762276133e-07,0.965033703859748,-9.67778372521363e-08,1.03073360708191,-28.3040926736907
66.3092170249794,0.169000918795674,-5.31330028462546e-08,3.12360618051279e-12,2.64338393346934e-09,-2.83506291930293e-13,4.7604292573043e-13,1.82190584093696e-13,6.49256073512893e-12,0.59709000275642,-8.25769858831861e-08,0.965033655611253,-4.85320898407758e-08,1.03073360707916,-28.3040928109299
73.082251164932,0.169000907337789,1.84361671809952e-08,-3.71185905635279e-12,-3.28987352375453e-09,-6.59461857174568e-13,-9.21096881424524e-13,-4.45648560591391e-13,-8.81820982780133e-12,0.597089962314033,2.85727480485911e-08,0.96503359024713,1.67927560016988e-08,1.03073360703989,-28.3040947726352
79.8552853048846,0.169000908085876,1.37594252044527e-08,-5.91555252118467e-13,-4.74373366654799e-10,1.99347629223601e-13,-3.29291735339458e-14,4.87947433845097e-15,-1.02778838872759e-12,0.597089964939019,2.13520740313855e-08,0.965033594489707,1.25490263914936e-08,1.03073360703873,-28.3040948302258
86.6283194448372,0.169000911246611,-5.9887034704409e-09,1.31942730918264e-12,1.15680576282337e-09,1.45686573037888e-13,2.95868799419422e-13,1.3787949117568e-13,3.04270573205141e-12,0.597089976074759,-9.26120977766991e-09,0.965033612487602,-5.44299189607094e-09,1.03073360704461,-28.3040945366947
93.4013535847898,0.169000911220582,-5.82153193876193e-09,-1.47383327120699e-13,-1.47532960056638e-10,-1.14468121008432e-13,-7.21646029902096e-14,-4.24962986638034e-14,-4.81823396679717e-13,0.597089976000682,-9.05035346428142e-09,0.965033612367877,-5.31906756733193e-09,1.03073360704881,-28.3040943269489
100,0.16900091018098,6.71382252971322e-10,-4.25162274465526e-13,-3.72978617023804e-10,-4.76463489702848e-14,-9.55488939404823e-14,-4.44688809756611e-14,-9.82484018209243e-13,0.597089972328392,1.04121046829702e-09,0.96503360643262,6.11939506511299e-10,1.03073360704456,-28.3040945392343
